{   "spines" : [
       { "name" : "spine-11", "mac_address" : "aa:bb:cc:dd:ee:b1", "mgmt_ip" : "172.32.32.201/24" },
       { "name" : "spine-12", "mac_address" : "aa:bb:cc:dd:ee:b2", "mgmt_ip" : "172.32.32.202/24" }
    ],
    "leafs" : [
       { "name" : "leaf-11", "mac_address" : "aa:bb:cc:dd:ee:a1", "mgmt_ip" : "172.32.32.101/24" },
       { "name" : "leaf-12", "mac_address" : "aa:bb:cc:dd:ee:a2", "mgmt_ip" : "172.32.32.102/24" },
       { "name" : "leaf-13", "mac_address" : "aa:bb:cc:dd:ee:a3", "mgmt_ip" : "172.32.32.103/24" },
       { "name" : "leaf-14", "mac_address" : "aa:bb:cc:dd:ee:a4", "mgmt_ip" : "172.32.32.104/24" }
    ]
}
